CREATE DATABASE  IF NOT EXISTS `practicafinal` /*!40100 DEFAULT CHARACTER SET latin1 */;
USE `practicafinal`;
-- MySQL dump 10.13  Distrib 5.6.17, for Win64 (x86_64)
--
-- Host: localhost    Database: practicafinal
-- ------------------------------------------------------
-- Server version	5.5.5-10.1.30-MariaDB

/*!40101 SET @OLD_CHARACTER_SET_CLIENT=@@CHARACTER_SET_CLIENT */;
/*!40101 SET @OLD_CHARACTER_SET_RESULTS=@@CHARACTER_SET_RESULTS */;
/*!40101 SET @OLD_COLLATION_CONNECTION=@@COLLATION_CONNECTION */;
/*!40101 SET NAMES utf8 */;
/*!40103 SET @OLD_TIME_ZONE=@@TIME_ZONE */;
/*!40103 SET TIME_ZONE='+00:00' */;
/*!40014 SET @OLD_UNIQUE_CHECKS=@@UNIQUE_CHECKS, UNIQUE_CHECKS=0 */;
/*!40014 SET @OLD_FOREIGN_KEY_CHECKS=@@FOREIGN_KEY_CHECKS, FOREIGN_KEY_CHECKS=0 */;
/*!40101 SET @OLD_SQL_MODE=@@SQL_MODE, SQL_MODE='NO_AUTO_VALUE_ON_ZERO' */;
/*!40111 SET @OLD_SQL_NOTES=@@SQL_NOTES, SQL_NOTES=0 */;

--
-- Table structure for table `beneficiarios`
--

DROP TABLE IF EXISTS `beneficiarios`;
/*!40101 SET @saved_cs_client     = @@character_set_client */;
/*!40101 SET character_set_client = utf8 */;
CREATE TABLE `beneficiarios` (
  `id_sede` bigint(20) DEFAULT NULL,
  `id_grupo` int(11) DEFAULT NULL,
  `id_tipocomplemento` int(11) DEFAULT NULL,
  `id_periodo` int(11) DEFAULT NULL,
  `Est_Beneficiarios` int(11) DEFAULT '0',
  `costo` decimal(15,2) DEFAULT '0.00',
  KEY `id_sede` (`id_sede`),
  KEY `id_grupo` (`id_grupo`),
  KEY `id_tipocomplemento` (`id_tipocomplemento`),
  KEY `id_periodo` (`id_periodo`),
  CONSTRAINT `beneficiarios_fk` FOREIGN KEY (`id_tipocomplemento`) REFERENCES `dim_tipocomplemento` (`id`) ON DELETE CASCADE ON UPDATE CASCADE,
  CONSTRAINT `beneficiarios_fk1` FOREIGN KEY (`id_periodo`) REFERENCES `dim_periodo` (`id`) ON DELETE CASCADE ON UPDATE CASCADE,
  CONSTRAINT `beneficiarios_fk2` FOREIGN KEY (`id_grupo`) REFERENCES `dim_grupoetario` (`id`) ON DELETE CASCADE ON UPDATE CASCADE,
  CONSTRAINT `beneficiarios_fk3` FOREIGN KEY (`id_sede`) REFERENCES `dim_sedes` (`id_sede`) ON DELETE CASCADE ON UPDATE CASCADE
) ENGINE=InnoDB DEFAULT CHARSET=latin1;
/*!40101 SET character_set_client = @saved_cs_client */;

--
-- Dumping data for table `beneficiarios`
--

LOCK TABLES `beneficiarios` WRITE;
/*!40000 ALTER TABLE `beneficiarios` DISABLE KEYS */;
INSERT INTO `beneficiarios` VALUES (154001008185,1,2,16,138,527436.00),(254001004818,1,3,16,68,190332.00),(254001003757,1,2,16,828,3164616.00),(154001002462,3,3,16,18,50382.00),(154001007987,2,3,16,656,1836144.00),(154001007987,2,4,16,148,414252.00),(154099000152,2,3,16,572,1601028.00),(154099000152,1,4,16,992,2776608.00),(154001001644,2,2,16,63,240786.00),(154001001644,3,3,16,57,159543.00),(154001001644,2,4,16,291,814509.00),(15400100860601,2,2,16,328,1253616.00),(154001008282,1,2,16,192,733824.00),(154001005160,2,2,16,504,1926288.00),(154001005160,1,3,16,664,1858536.00),(154001005160,1,4,16,432,1209168.00),(15400100246201,1,3,16,897,2510703.00),(15400100246201,1,4,16,612,1712988.00),(154001006395,1,2,16,468,1788696.00),(154001006395,1,3,16,472,1321128.00),(154001006395,1,4,16,348,974052.00),(254001002637,1,2,16,1047,4001634.00),(254001001304,1,2,16,100,382200.00),(154001009301,2,3,16,524,1466676.00),(154001000206,2,2,16,801,3061422.00),(154001008576,1,2,16,796,3042312.00),(154001002268,1,2,16,498,1903356.00),(154001002268,1,3,16,246,688554.00),(154001002268,1,4,16,198,554202.00),(154001011879,1,2,16,186,710892.00),(354001000027,1,3,16,663,1855737.00),(354001000027,1,4,16,768,2149632.00),(154001011116,1,2,16,948,3623256.00),(154001011116,1,3,16,555,1553445.00),(154001011116,1,4,16,942,2636658.00),(154001008185,1,2,20,184,703248.00),(254001004818,1,3,20,68,190332.00),(254001003757,1,2,20,1035,3955770.00),(154001002462,3,3,20,30,83970.00),(154001007987,2,3,20,820,2295180.00),(154001007987,2,4,20,185,517815.00),(154099000152,2,3,20,715,2001285.00),(154099000152,1,4,20,1240,3470760.00),(154001001644,2,2,20,84,321048.00),(154001001644,3,3,20,76,212724.00),(154001001644,2,4,20,388,1086012.00),(15400100860601,2,2,20,30,114660.00),(15400100860601,1,3,20,255,713745.00),(15400100860601,1,4,20,125,349875.00),(154001008282,1,2,20,240,917280.00),(154001005160,2,2,20,630,2407860.00),(154001005160,1,3,20,830,2323170.00),(154001005160,1,4,20,540,1511460.00),(15400100246201,1,3,20,1495,4184505.00),(15400100246201,1,4,20,1020,2854980.00),(154001006395,1,2,20,585,2235870.00),(154001006395,1,3,20,590,1651410.00),(154001006395,1,4,20,435,1217565.00),(254001002637,1,2,20,1745,6669390.00),(254001001304,1,2,20,125,477750.00),(154001009301,2,3,20,655,1833345.00),(154001000206,2,2,20,1068,4081896.00),(154001008576,1,2,20,995,3802890.00),(154001002268,1,2,20,830,3172260.00),(154001002268,1,3,20,410,1147590.00),(154001002268,1,4,20,330,923670.00),(154001011879,1,2,20,248,947856.00),(354001000027,1,3,20,1105,3092895.00),(354001000027,1,4,20,1280,3582720.00),(154001011116,1,2,20,1580,6038760.00),(154001011116,1,3,20,925,2589075.00),(154001011116,1,4,20,1570,4394430.00),(154001002527,1,2,24,735,2809170.00),(154001002527,1,3,24,940,2631060.00),(154001002527,1,4,24,905,2533095.00),(154001004510,3,2,24,1100,4204200.00),(254001007264,1,2,24,260,993720.00),(154001000907,1,2,24,955,3650010.00),(154001002241,1,3,24,1645,4604355.00),(154001002276,2,3,24,15,41985.00),(154001010180,3,3,24,50,139950.00),(154001007723,3,2,24,285,1089270.00),(154001007723,3,3,24,265,741735.00),(154001007723,2,4,24,205,573795.00),(154001007714,1,3,24,1905,5332095.00),(154001007714,1,4,24,3020,8452980.00),(154001002365,1,2,24,275,1051050.00),(154001002365,1,3,24,1100,3078900.00),(254001002688,1,2,24,455,1739010.00),(254001002947,1,2,24,155,592410.00),(154001002225,2,3,24,885,2477115.00),(154001002543,2,2,24,835,3191370.00),(154001002497,1,3,24,305,853695.00),(154001002292,1,3,24,1580,4422420.00),(154001002446,1,3,24,1425,3988575.00),(154001003400,1,3,24,585,1637415.00),(154001003400,2,4,24,95,265905.00),(154001000117,1,3,24,685,1917315.00),(154001000117,1,4,24,80,223920.00),(154001002314,1,3,24,850,2379150.00),(154001002314,1,4,24,735,2057265.00),(154001010820,3,2,24,2670,10204740.00),(154001008185,1,2,28,230,879060.00),(154001007278,1,2,28,460,1758120.00),(154001000176,1,2,28,515,1968330.00),(254001003757,1,2,28,648,2476656.00),(254001008520,1,2,28,669,2556918.00),(254001007523,1,2,28,26,99372.00),(254001002629,2,2,28,33,126126.00),(254001002653,1,2,28,45,171990.00),(254001004796,1,2,28,96,366912.00),(254001008643,1,2,28,96,366912.00),(254001007264,1,2,28,156,596232.00),(154001005666,2,2,28,495,1891890.00),(154001007456,1,2,28,850,3248700.00),(254001002998,1,2,28,75,286650.00),(154001001644,3,2,28,135,515970.00),(15400100860601,1,2,28,1365,5217030.00),(154001008282,1,2,28,240,917280.00),(154001006409,1,2,28,520,1987440.00),(154001000788,1,2,28,360,1375920.00),(154001002136,1,2,28,570,2178540.00),(254001008058,3,2,28,885,3382470.00),(154001003779,3,2,28,1495,5713890.00),(15400100860602,1,2,28,376,1437072.00),(154001005160,2,2,28,630,2407860.00),(254001004689,1,2,28,138,527436.00),(154001006395,1,2,28,585,2235870.00),(254001002645,2,2,28,245,936390.00),(254001007990,2,2,28,590,2254980.00),(254001006012,1,2,28,600,2293200.00),(254001002637,1,2,28,1035,3955770.00),(254001001304,1,2,28,48,183456.00),(254001002921,1,2,28,625,2388750.00),(154001000206,2,2,28,1305,4987710.00),(154001008576,1,2,28,995,3802890.00),(154001005224,1,2,28,440,1681680.00),(154001002268,1,2,28,830,3172260.00),(154001009017,2,2,28,775,2962050.00),(154001011879,1,2,28,310,1184820.00),(15400100860605,2,2,28,780,2981160.00),(15400100860607,2,2,28,775,2962050.00),(154001011116,1,2,28,1660,6344520.00),(154001008185,1,2,17,230,879060.00),(254001004818,1,3,17,68,190332.00),(254001003757,1,2,17,828,3164616.00),(154001002462,3,3,17,30,83970.00),(154001007987,2,3,17,656,1836144.00),(154001007987,2,4,17,111,310689.00),(154099000152,2,3,17,715,2001285.00),(154099000152,1,4,17,1240,3470760.00),(154001001644,2,2,17,105,401310.00),(154001001644,3,3,17,95,265905.00),(154001001644,2,4,17,485,1357515.00),(15400100860601,2,2,17,410,1567020.00),(154001008282,1,2,17,192,733824.00),(154001005160,2,2,17,630,2407860.00),(154001005160,1,3,17,830,2323170.00),(154001005160,1,4,17,540,1511460.00),(15400100246201,1,3,17,1495,4184505.00),(15400100246201,1,4,17,1020,2854980.00),(154001006395,1,2,17,468,1788696.00),(154001006395,1,3,17,472,1321128.00),(154001006395,1,4,17,348,974052.00),(254001002637,1,2,17,1745,6669390.00),(254001001304,1,2,17,100,382200.00),(154001009301,2,3,17,655,1833345.00),(154001000206,2,2,17,1335,5102370.00),(154001008576,1,2,17,995,3802890.00),(154001002268,1,2,17,830,3172260.00),(154001002268,1,3,17,410,1147590.00),(154001002268,1,4,17,330,923670.00),(154001011879,1,2,17,310,1184820.00),(354001000027,1,3,17,1105,3092895.00),(354001000027,1,4,17,1280,3582720.00),(154001011116,1,2,17,1580,6038760.00),(154001011116,1,3,17,925,2589075.00),(154001011116,1,4,17,1570,4394430.00),(154001008185,1,2,21,230,879060.00),(254001004818,1,3,21,85,237915.00),(254001003757,1,2,21,828,3164616.00),(154001002462,3,3,21,30,83970.00),(154001007987,2,3,21,820,2295180.00),(154001007987,2,4,21,185,517815.00),(154099000152,2,3,21,715,2001285.00),(154099000152,1,4,21,992,2776608.00),(154001001644,2,2,21,105,401310.00),(154001001644,3,3,21,95,265905.00),(154001001644,2,4,21,485,1357515.00),(15400100860601,2,2,21,24,91728.00),(15400100860601,1,3,21,204,570996.00),(15400100860601,1,4,21,100,279900.00),(154001008282,1,2,21,240,917280.00),(154001005160,2,2,21,630,2407860.00),(154001005160,1,3,21,830,2323170.00),(154001005160,1,4,21,540,1511460.00),(15400100246201,1,3,21,1495,4184505.00),(15400100246201,1,4,21,1020,2854980.00),(154001006395,1,2,21,585,2235870.00),(154001006395,1,3,21,590,1651410.00),(154001006395,1,4,21,435,1217565.00),(254001002637,1,2,21,1745,6669390.00),(254001001304,1,2,21,125,477750.00),(154001009301,2,3,21,524,1466676.00),(154001000206,2,2,21,1335,5102370.00),(154001008576,1,2,21,995,3802890.00),(154001002268,1,2,21,830,3172260.00),(154001002268,1,3,21,410,1147590.00),(154001002268,1,4,21,330,923670.00),(154001011879,1,2,21,310,1184820.00),(354001000027,1,3,21,1105,3092895.00),(354001000027,1,4,21,1280,3582720.00),(154001011116,1,2,21,1580,6038760.00),(154001011116,1,3,21,925,2589075.00),(154001011116,1,4,21,1570,4394430.00),(154001002527,1,2,25,735,2809170.00),(154001002527,1,3,25,940,2631060.00),(154001002527,1,4,25,905,2533095.00),(154001004510,3,2,25,1100,4204200.00),(254001007264,1,2,25,156,596232.00),(154001000907,1,2,25,955,3650010.00),(154001002241,1,3,25,1316,3683484.00),(154001002276,2,3,25,15,41985.00),(154001010180,3,3,25,50,139950.00),(154001007723,3,2,25,285,1089270.00),(154001007723,3,3,25,265,741735.00),(154001007723,2,4,25,205,573795.00),(154001007714,1,3,25,1905,5332095.00),(154001007714,1,4,25,3020,8452980.00),(154001002365,1,2,25,275,1051050.00),(154001002365,1,3,25,1100,3078900.00),(254001002688,1,2,25,455,1739010.00),(254001002947,1,2,25,155,592410.00),(154001002225,2,3,25,885,2477115.00),(154001002543,2,2,25,835,3191370.00),(154001002497,1,3,25,305,853695.00),(154001002292,1,3,25,1264,3537936.00),(154001002446,1,3,25,1425,3988575.00),(154001003400,1,3,25,585,1637415.00),(154001003400,2,4,25,95,265905.00),(154001000117,1,3,25,685,1917315.00),(154001000117,1,4,25,80,223920.00),(154001002314,1,3,25,680,1903320.00),(154001002314,1,4,25,588,1645812.00),(154001010820,3,2,25,2670,10204740.00),(154001008185,1,2,29,92,351624.00),(154001007278,1,2,29,184,703248.00),(154001000176,1,2,29,206,787332.00),(254001003757,1,2,29,407,1555554.00),(254001008520,1,2,29,446,1704612.00),(254001007523,1,2,29,26,99372.00),(254001002629,2,2,29,22,84084.00),(254001002653,1,2,29,30,114660.00),(254001004796,1,2,29,64,244608.00),(254001008643,1,2,29,64,244608.00),(254001007264,1,2,29,104,397488.00),(154001005666,2,2,29,198,756756.00),(154001007456,1,2,29,340,1299480.00),(254001002998,1,2,29,50,191100.00),(154001001644,3,2,29,54,206388.00),(15400100860601,1,2,29,546,2086812.00),(154001008282,1,2,29,96,366912.00),(154001006409,1,2,29,208,794976.00),(154001000788,1,2,29,180,687960.00),(154001002136,1,2,29,228,871416.00),(254001008058,3,2,29,354,1352988.00),(154001003779,3,2,29,598,2285556.00),(15400100860602,1,2,29,188,718536.00),(154001005160,2,2,29,252,963144.00),(254001004689,1,2,29,92,351624.00),(154001006395,1,2,29,234,894348.00),(254001002645,2,2,29,98,374556.00),(254001007990,2,2,29,236,901992.00),(254001006012,1,2,29,240,917280.00),(254001002637,1,2,29,690,2637180.00),(254001001304,1,2,29,24,91728.00),(254001002921,1,2,29,250,955500.00),(154001000206,2,2,29,522,1995084.00),(154001008576,1,2,29,398,1521156.00),(154001005224,1,2,29,176,672672.00),(154001002268,1,2,29,332,1268904.00),(154001009017,2,2,29,310,1184820.00),(154001011879,1,2,29,124,473928.00),(15400100860605,2,2,29,312,1192464.00),(15400100860607,2,2,29,310,1184820.00),(154001011116,1,2,29,664,2537808.00),(154001008185,1,2,18,184,703248.00),(254001004818,1,3,18,51,142749.00),(254001003757,1,2,18,621,2373462.00),(154001002462,3,3,18,24,67176.00),(154001007987,2,3,18,492,1377108.00),(154001007987,2,4,18,111,310689.00),(154099000152,2,3,18,429,1200771.00),(154099000152,1,4,18,744,2082456.00),(154001001644,2,2,18,84,321048.00),(154001001644,3,3,18,76,212724.00),(154001001644,2,4,18,388,1086012.00),(15400100860601,2,2,18,246,940212.00),(154001008282,1,2,18,144,550368.00),(154001005160,2,2,18,378,1444716.00),(154001005160,1,3,18,498,1393902.00),(154001005160,1,4,18,324,906876.00),(15400100246201,1,3,18,1196,3347604.00),(15400100246201,1,4,18,816,2283984.00),(154001006395,1,2,18,351,1341522.00),(154001006395,1,3,18,354,990846.00),(154001006395,1,4,18,261,730539.00),(254001002637,1,2,18,1396,5335512.00),(254001001304,1,2,18,75,286650.00),(154001009301,2,3,18,393,1100007.00),(154001000206,2,2,18,1068,4081896.00),(154001008576,1,2,18,597,2281734.00),(154001002268,1,2,18,664,2537808.00),(154001002268,1,3,18,328,918072.00),(154001002268,1,4,18,264,738936.00),(154001011879,1,2,18,248,947856.00),(354001000027,1,3,18,884,2474316.00),(354001000027,1,4,18,1024,2866176.00),(154001011116,1,2,18,1264,4831008.00),(154001011116,1,3,18,740,2071260.00),(154001011116,1,4,18,1256,3515544.00),(154001008185,1,2,22,230,879060.00),(254001004818,1,3,22,68,190332.00),(254001003757,1,2,22,828,3164616.00),(154001002462,3,3,22,30,83970.00),(154001007987,2,3,22,656,1836144.00),(154001007987,2,4,22,148,414252.00),(154099000152,2,3,22,715,2001285.00),(154099000152,1,4,22,1240,3470760.00),(154001001644,2,2,22,105,401310.00),(154001001644,3,3,22,95,265905.00),(154001001644,2,4,22,485,1357515.00),(15400100860601,2,2,22,30,114660.00),(15400100860601,1,3,22,255,713745.00),(15400100860601,1,4,22,125,349875.00),(154001008282,1,2,22,192,733824.00),(154001005160,2,2,22,504,1926288.00),(154001005160,1,3,22,664,1858536.00),(154001005160,1,4,22,432,1209168.00),(15400100246201,1,3,22,1495,4184505.00),(15400100246201,1,4,22,1020,2854980.00),(154001006395,1,2,22,468,1788696.00),(154001006395,1,3,22,472,1321128.00),(154001006395,1,4,22,348,974052.00),(254001002637,1,2,22,1745,6669390.00),(254001001304,1,2,22,100,382200.00),(154001009301,2,3,22,655,1833345.00),(154001000206,2,2,22,1335,5102370.00),(154001008576,1,2,22,995,3802890.00),(154001002268,1,2,22,830,3172260.00),(154001002268,1,3,22,410,1147590.00),(154001002268,1,4,22,330,923670.00),(154001011879,1,2,22,310,1184820.00),(354001000027,1,3,22,1105,3092895.00),(354001000027,1,4,22,1280,3582720.00),(154001011116,1,2,22,1580,6038760.00),(154001011116,1,3,22,925,2589075.00),(154001011116,1,4,22,1570,4394430.00),(154001002527,1,2,26,735,2809170.00),(154001002527,1,3,26,940,2631060.00),(154001002527,1,4,26,905,2533095.00),(154001004510,3,2,26,1100,4204200.00),(254001007264,1,2,26,260,993720.00),(154001000907,1,2,26,955,3650010.00),(154001002241,1,3,26,987,2762613.00),(154001002276,2,3,26,12,33588.00),(154001010180,3,3,26,40,111960.00),(154001007723,3,2,26,285,1089270.00),(154001007723,3,3,26,212,593388.00),(154001007723,2,4,26,164,459036.00),(154001007714,1,3,26,1524,4265676.00),(154001007714,1,4,26,2975,8327025.00),(154001002365,1,2,26,275,1051050.00),(154001002365,1,3,26,1100,3078900.00),(254001002688,1,2,26,455,1739010.00),(254001002947,1,2,26,155,592410.00),(154001002225,2,3,26,708,1981692.00),(154001002543,2,2,26,835,3191370.00),(154001002497,1,3,26,305,853695.00),(154001002292,1,3,26,948,2653452.00),(154001002446,1,3,26,1140,3190860.00),(154001003400,1,3,26,585,1637415.00),(154001003400,2,4,26,95,265905.00),(154001000117,1,3,26,685,1917315.00),(154001000117,1,4,26,80,223920.00),(154001002314,1,3,26,510,1427490.00),(154001002314,1,4,26,441,1234359.00),(154001010820,3,2,26,2670,10204740.00),(154001008185,1,2,30,0,0.00),(154001007278,1,2,30,0,0.00),(154001000176,1,2,30,0,0.00),(254001003757,1,2,30,0,0.00),(254001008520,1,2,30,0,0.00),(254001007523,1,2,30,0,0.00),(254001002629,2,2,30,0,0.00),(254001002653,1,2,30,0,0.00),(254001004796,1,2,30,0,0.00),(254001008643,1,2,30,0,0.00),(254001007264,1,2,30,0,0.00),(154001005666,2,2,30,0,0.00),(154001007456,1,2,30,0,0.00),(254001002998,1,2,30,0,0.00),(154001001644,3,2,30,0,0.00),(15400100860601,1,2,30,0,0.00),(154001008282,1,2,30,0,0.00),(154001006409,1,2,30,0,0.00),(154001000788,1,2,30,0,0.00),(154001002136,1,2,30,0,0.00),(254001008058,3,2,30,0,0.00),(154001003779,3,2,30,0,0.00),(15400100860602,1,2,30,0,0.00),(154001005160,2,2,30,0,0.00),(254001004689,1,2,30,0,0.00),(154001006395,1,2,30,0,0.00),(254001002645,2,2,30,0,0.00),(254001007990,2,2,30,0,0.00),(254001006012,1,2,30,0,0.00),(254001002637,1,2,30,0,0.00),(254001001304,1,2,30,0,0.00),(254001002921,1,2,30,0,0.00),(154001000206,2,2,30,0,0.00),(154001008576,1,2,30,0,0.00),(154001005224,1,2,30,0,0.00),(154001002268,1,2,30,0,0.00),(154001009017,2,2,30,0,0.00),(154001011879,1,2,30,0,0.00),(15400100860605,2,2,30,0,0.00),(15400100860607,2,2,30,0,0.00),(154001011116,1,2,30,0,0.00),(154001008185,1,2,19,230,879060.00),(254001004818,1,3,19,85,237915.00),(254001003757,1,2,19,1035,3955770.00),(154001002462,3,3,19,30,83970.00),(154001007987,2,3,19,656,1836144.00),(154001007987,2,4,19,148,414252.00),(154099000152,2,3,19,715,2001285.00),(154099000152,1,4,19,1240,3470760.00),(154001001644,2,2,19,105,401310.00),(154001001644,3,3,19,95,265905.00),(154001001644,2,4,19,485,1357515.00),(15400100860601,2,2,19,410,1567020.00),(154001008282,1,2,19,192,733824.00),(154001005160,2,2,19,630,2407860.00),(154001005160,1,3,19,830,2323170.00),(154001005160,1,4,19,540,1511460.00),(15400100246201,1,3,19,1495,4184505.00),(15400100246201,1,4,19,1020,2854980.00),(154001006395,1,2,19,468,1788696.00),(154001006395,1,3,19,472,1321128.00),(154001006395,1,4,19,348,974052.00),(254001002637,1,2,19,1745,6669390.00),(254001001304,1,2,19,125,477750.00),(154001009301,2,3,19,655,1833345.00),(154001000206,2,2,19,1335,5102370.00),(154001008576,1,2,19,995,3802890.00),(154001002268,1,2,19,830,3172260.00),(154001002268,1,3,19,410,1147590.00),(154001002268,1,4,19,330,923670.00),(154001011879,1,2,19,310,1184820.00),(354001000027,1,3,19,1105,3092895.00),(354001000027,1,4,19,1280,3582720.00),(154001011116,1,2,19,1580,6038760.00),(154001011116,1,3,19,925,2589075.00),(154001011116,1,4,19,1570,4394430.00),(154001008185,1,2,23,230,879060.00),(254001004818,1,3,23,85,237915.00),(254001003757,1,2,23,1035,3955770.00),(154001002462,3,3,23,30,83970.00),(154001007987,2,3,23,820,2295180.00),(154001007987,2,4,23,185,517815.00),(154099000152,2,3,23,715,2001285.00),(154099000152,1,4,23,1240,3470760.00),(154001001644,2,2,23,105,401310.00),(154001001644,3,3,23,95,265905.00),(154001001644,2,4,23,485,1357515.00),(15400100860601,2,2,23,30,114660.00),(15400100860601,1,3,23,255,713745.00),(15400100860601,1,4,23,125,349875.00),(154001008282,1,2,23,192,733824.00),(154001005160,2,2,23,630,2407860.00),(154001005160,1,3,23,830,2323170.00),(154001005160,1,4,23,540,1511460.00),(15400100246201,1,3,23,1495,4184505.00),(15400100246201,1,4,23,1020,2854980.00),(154001006395,1,2,23,585,2235870.00),(154001006395,1,3,23,590,1651410.00),(154001006395,1,4,23,435,1217565.00),(254001002637,1,2,23,1745,6669390.00),(254001001304,1,2,23,125,477750.00),(154001009301,2,3,23,655,1833345.00),(154001000206,2,2,23,1335,5102370.00),(154001008576,1,2,23,995,3802890.00),(154001002268,1,2,23,830,3172260.00),(154001002268,1,3,23,410,1147590.00),(154001002268,1,4,23,330,923670.00),(154001011879,1,2,23,310,1184820.00),(354001000027,1,3,23,1105,3092895.00),(354001000027,1,4,23,1280,3582720.00),(154001011116,1,2,23,1580,6038760.00),(154001011116,1,3,23,925,2589075.00),(154001011116,1,4,23,1570,4394430.00),(154001002527,1,2,27,588,2247336.00),(154001002527,1,3,27,752,2104848.00),(154001002527,1,4,27,724,2026476.00),(154001004510,3,2,27,1100,4204200.00),(254001007264,1,2,27,208,794976.00),(154001000907,1,2,27,955,3650010.00),(154001002241,1,3,27,1645,4604355.00),(154001002276,2,3,27,12,33588.00),(154001010180,3,3,27,50,139950.00),(154001007723,3,2,27,228,871416.00),(154001007723,3,3,27,212,593388.00),(154001007723,2,4,27,164,459036.00),(154001007714,1,3,27,1524,4265676.00),(154001007714,1,4,27,2416,6762384.00),(154001002365,1,2,27,220,840840.00),(154001002365,1,3,27,880,2463120.00),(254001002688,1,2,27,455,1739010.00),(254001002947,1,2,27,155,592410.00),(154001002225,2,3,27,708,1981692.00),(154001002543,2,2,27,835,3191370.00),(154001002497,1,3,27,244,682956.00),(154001002292,1,3,27,1580,4422420.00),(154001002446,1,3,27,1140,3190860.00),(154001003400,1,3,27,468,1309932.00),(154001003400,2,4,27,76,212724.00),(154001000117,1,3,27,685,1917315.00),(154001000117,1,4,27,80,223920.00),(154001002314,1,3,27,850,2379150.00),(154001002314,1,4,27,735,2057265.00),(154001010820,3,2,27,2670,10204740.00),(154001008185,1,2,31,92,351624.00),(154001007278,1,2,31,184,703248.00),(154001000176,1,2,31,206,787332.00),(254001003757,1,2,31,407,1555554.00),(254001008520,1,2,31,446,1704612.00),(254001007523,1,2,31,26,99372.00),(254001002629,2,2,31,22,84084.00),(254001002653,1,2,31,30,114660.00),(254001004796,1,2,31,64,244608.00),(254001008643,1,2,31,64,244608.00),(254001007264,1,2,31,104,397488.00),(154001005666,2,2,31,198,756756.00),(154001007456,1,2,31,340,1299480.00),(254001002998,1,2,31,50,191100.00),(154001001644,3,2,31,54,206388.00),(15400100860601,1,2,31,546,2086812.00),(154001008282,1,2,31,96,366912.00),(154001006409,1,2,31,208,794976.00),(154001000788,1,2,31,180,687960.00),(154001002136,1,2,31,228,871416.00),(254001008058,3,2,31,354,1352988.00),(154001003779,3,2,31,598,2285556.00),(15400100860602,1,2,31,188,718536.00),(154001005160,2,2,31,252,963144.00),(254001004689,1,2,31,92,351624.00),(154001006395,1,2,31,234,894348.00),(254001002645,2,2,31,98,374556.00),(254001007990,2,2,31,236,901992.00),(254001006012,1,2,31,240,917280.00),(254001002637,1,2,31,690,2637180.00),(254001001304,1,2,31,24,91728.00),(254001002921,1,2,31,250,955500.00),(154001000206,2,2,31,522,1995084.00),(154001008576,1,2,31,398,1521156.00),(154001005224,1,2,31,176,672672.00),(154001002268,1,2,31,332,1268904.00),(154001009017,2,2,31,310,1184820.00),(154001011879,1,2,31,124,473928.00),(15400100860605,2,2,31,312,1192464.00),(15400100860607,2,2,31,310,1184820.00),(154001011116,1,2,31,664,2537808.00);
/*!40000 ALTER TABLE `beneficiarios` ENABLE KEYS */;
UNLOCK TABLES;

--
-- Table structure for table `dim_grupoetario`
--

DROP TABLE IF EXISTS `dim_grupoetario`;
/*!40101 SET @saved_cs_client     = @@character_set_client */;
/*!40101 SET character_set_client = utf8 */;
CREATE TABLE `dim_grupoetario` (
  `id` int(11) NOT NULL,
  `descripcion` varchar(50) DEFAULT NULL,
  `edadInicial` int(3) DEFAULT '0',
  `edadfinal` int(3) DEFAULT '0',
  PRIMARY KEY (`id`)
) ENGINE=InnoDB DEFAULT CHARSET=latin1;
/*!40101 SET character_set_client = @saved_cs_client */;

--
-- Dumping data for table `dim_grupoetario`
--

LOCK TABLES `dim_grupoetario` WRITE;
/*!40000 ALTER TABLE `dim_grupoetario` DISABLE KEYS */;
INSERT INTO `dim_grupoetario` VALUES (1,'Grupo 4-6  años + 11 meses',4,6),(2,'Grupo 7-12  años + 11 meses',7,12),(3,'Grupo 13-17  años + 11 meses',13,17);
/*!40000 ALTER TABLE `dim_grupoetario` ENABLE KEYS */;
UNLOCK TABLES;

--
-- Table structure for table `dim_periodo`
--

DROP TABLE IF EXISTS `dim_periodo`;
/*!40101 SET @saved_cs_client     = @@character_set_client */;
/*!40101 SET character_set_client = utf8 */;
CREATE TABLE `dim_periodo` (
  `id` int(11) NOT NULL,
  `mes` varchar(2) DEFAULT NULL,
  `semana` varchar(2) DEFAULT NULL,
  PRIMARY KEY (`id`)
) ENGINE=InnoDB DEFAULT CHARSET=latin1;
/*!40101 SET character_set_client = @saved_cs_client */;

--
-- Dumping data for table `dim_periodo`
--

LOCK TABLES `dim_periodo` WRITE;
/*!40000 ALTER TABLE `dim_periodo` DISABLE KEYS */;
INSERT INTO `dim_periodo` VALUES (16,'08','01'),(17,'08','02'),(18,'08','03'),(19,'08','04'),(20,'09','05'),(21,'09','06'),(22,'09','07'),(23,'09','08'),(24,'10','09'),(25,'10','10'),(26,'10','11'),(27,'10','12'),(28,'11','13'),(29,'11','14'),(30,'11','15'),(31,'11','16');
/*!40000 ALTER TABLE `dim_periodo` ENABLE KEYS */;
UNLOCK TABLES;

--
-- Table structure for table `dim_sedes`
--

DROP TABLE IF EXISTS `dim_sedes`;
/*!40101 SET @saved_cs_client     = @@character_set_client */;
/*!40101 SET character_set_client = utf8 */;
CREATE TABLE `dim_sedes` (
  `id_sede` bigint(20) NOT NULL,
  `cod_inst` bigint(20) DEFAULT NULL,
  `Institucion` varchar(200) DEFAULT NULL,
  `sede` varchar(200) DEFAULT NULL,
  `zona` varchar(10) DEFAULT NULL,
  `cod_zona` int(11) DEFAULT NULL,
  PRIMARY KEY (`id_sede`)
) ENGINE=InnoDB DEFAULT CHARSET=latin1;
/*!40101 SET character_set_client = @saved_cs_client */;

--
-- Dumping data for table `dim_sedes`
--

LOCK TABLES `dim_sedes` WRITE;
/*!40000 ALTER TABLE `dim_sedes` DISABLE KEYS */;
INSERT INTO `dim_sedes` VALUES (154001000117,154001010180,'COL LUIS CARLOS GALAN SARMIENTO','ESC URB SAN VICENTE DE PAUL NO 18','COMUNA 10',10),(154001000176,154001006999,'COL GREMIOS UNIDOS','CENT EDUC 18 DE MAYO','COMUNA 5',5),(154001000206,154001001644,'COL ANTONIO NARIÑO','ESC URB DE NIÑAS NO 13 NSTRA SRA DE LOURDES','COMUNA 9',9),(154001000788,154001000788,'COL CLUB DE LEONES','COL CLUB DE LEONES','COMUNA 4',4),(154001000907,154001010449,'I.E. MISAEL PASTRANA BORRERO','COL BAS MARIA GORETTI','COMUNA 4',4),(154001001644,154001001644,'COL ANTONIO NARIÑO','COL ANTONIO NARIÑO','COMUNA 9',9),(154001002136,154001002136,'COL FRANCISCO JOSE DE CALDAS','COL FRANCISCO JOSE DE CALDAS','COMUNA 3',3),(154001002225,154001002276,'COL GONZALO RIVERA LAGUADO','ESC URB  NO 4 ESPIRITU SANTO','COMUNA 1',1),(154001002241,154001008959,'COL JOSE AQUILINO DURAN','COL BAS PEDRO FORTOUL','COMUNA 10',10),(154001002268,154001002462,'COL JULIO PEREZ FERRERO','ESC URB SAN MIGUEL NO 13','COMUNA 8',8),(154001002276,154001002276,'COL GONZALO RIVERA LAGUADO','COL GONZALO RIVERA LAGUADO','COMUNA 1',1),(154001002292,154001008959,'COL JOSE AQUILINO DURAN','ESC URB MIX  NO 24 LAS ANGUSTIAS','COMUNA 10',10),(154001002314,154001008959,'COL JOSE AQUILINO DURAN','ESC URB VARONES NO 28 ATANASIO GIRARDOT','COMUNA 10',10),(154001002365,154001007723,'COL NSTRA SRA DE BELEN','ESC NSTRA SRA DE BELEN NO 23','COMUNA 9',9),(154001002446,154001002276,'COL GONZALO RIVERA LAGUADO','ESC URB PERPETUO SOCORRO NO 8','COMUNA 1',1),(154001002462,154001002462,'COL  JULIO PEREZ FERRERO','COL  JULIO PEREZ FERRERO','COMUNA 8',8),(154001002497,154001010180,'COL LUIS CARLOS GALAN SARMIENTO','ESC URB JOSE EUSEBIO CARO NO 23','COMUNA 10',10),(154001002527,154001007723,'COL NSTRA SRA DE BELEN','CENT DOC NSTRA SRA DE BELEN NO 21','COMUNA 9',9),(154001002543,154001010180,'COL LUIS CARLOS GALAN SARMIENTO','ESC URB ALIANZA PARA EL PROGRESO NO 36','COMUNA 10',10),(154001003400,154001010180,'COL LUIS CARLOS GALAN SARMIENTO','ESC URB SAN PABLO NO 19','COMUNA 10',10),(154001003779,154001003779,'COL INTEGD JUAN ATALAYA','COL INTEGD JUAN ATALAYA','COMUNA 7',7),(154001004510,154001010449,'I.E. MISAEL PASTRANA BORRERO','CENT DOC NUEVO MILENIO','COMUNA 3',3),(154001005160,154001007987,'COL RAFAEL URIBE URIBE-PAZ Y FUTURO','ESC  NO 62 DOÑA NIDIA','COMUNA 8',8),(154001005224,154001000788,'COL CLUB DE LEONES','ESC URB SAN JUAN BOSCO NO 73','COMUNA 4',4),(154001005666,154001002136,'COL FRANCISCO JOSE DE CALDAS','CENT EDUC SAN PEDRO CLAVER','COMUNA 3',3),(154001006395,154001007987,'COL RAFAEL URIBE URIBE-PAZ Y FUTURO','ESC CARLOS RAMIREZ PARIS NO 78','COMUNA 8',8),(154001006409,154001006409,'COL BUENOS AIRES','COL BUENOS AIRES','COMUNA 7',7),(154001007278,154001000788,'COL CLUB DE LEONES','CENT DOC SANTA ANA NO 1','COMUNA 3',3),(154001007456,154001002136,'COL FRANCISCO JOSE DE CALDAS','CENT EDUC SANTISIMA TRINIDAD','COMUNA 3',3),(154001007714,154001007723,'COL NSTRA SRA DE BELEN','ESC LA DIVINA PASTORA','COMUNA 9',9),(154001007723,154001007723,'COL NSTRA SRA DE BELEN','COL NSTRA SRA DE BELEN','COMUNA 9',9),(154001007987,154001007987,'COL  RAFAEL URIBE URIBE-PAZ Y FUTURO','COL  RAFAEL URIBE URIBE','COMUNA 8',8),(154001008185,154001001644,'COL ANTONIO NARIÑO','CENT DOC MPAL SAN JOSE OBRERO','COMUNA 9',9),(154001008282,154001007987,'COL RAFAEL URIBE URIBE-PAZ Y FUTURO','COL BAS HOMBRES NUEVOS','COMUNA 8',8),(154001008576,154001007944,'COL ANDRES BELLO','ESC URB LAURA VICUÑA','COMUNA 6',6),(154001009017,154001009017,'COL EUSTORGIO COLMENARES BAPTISTA','INST EDUC COL EUSTORGIO COLMENARES BAPTISTA','COMUNA 6',6),(154001009301,154001007944,'COL ANDRES BELLO','ESC URB ANCIZAR OCAMPO','COMUNA 6',6),(154001010180,154001010180,'COL LUIS CARLOS GALAN SARMIENTO','COL LUIS CARLOS GALAN SARMIENTO','COMUNA 10',10),(154001010820,154001010449,'I.E. MISAEL PASTRANA BORRERO','I.E. MISAEL PASTRANA BORRERO - SEDE PRINCIPAL','COMUNA 3',3),(154001011116,154001002462,'COL JULIO PEREZ FERRERO','SEDE TRES NUEVO HORIZONTE','COMUNA 8',8),(154001011879,154001001644,'COL ANTONIO NARIÑO','PREESC MIS ALEGRIAS','COMUNA 9',9),(154099000152,154001007944,'COL ANDRES BELLO','COL ANDRES BELLO','COMUNA 6',6),(254001001304,254001003757,'CENT EDUC AGUALASAL','ESC RUR EL SUSPIRO','ZONA RURAL',11),(254001002629,254001008058,'COL FRAY MANUEL ALVAREZ','CENT EDUC EL ARRAYAN','ZONA RURAL',11),(254001002637,254001002637,'CENT EDUC ESC RURAL EL CARMEN DE TONCHALA','ESC RUR  EL CARMEN DE TONCHALA','ZONA RURAL',11),(254001002645,154001009017,'COL EUSTORGIO COLMENARES BAPTISTA','ESC EL CERRITO','COMUNA 6',6),(254001002653,254001008058,'COL FRAY MANUEL ALVAREZ','CENT EDUC EL DESCANSO','ZONA RURAL',11),(254001002688,154001010180,'COL LUIS CARLOS GALAN SARMIENTO','ESC RUR  EL PORTICO','ZONA RURAL',11),(254001002921,254001008058,'COL FRAY MANUEL ALVAREZ','ESC RUR INTEGD SAN FAUSTINO','ZONA RURAL',11),(254001002947,154001010180,'COL LUIS CARLOS GALAN SARMIENTO','ESC RUR  SAN PEDRO','ZONA RURAL',11),(254001002998,254001008058,'COL FRAY MANUEL ALVAREZ','CENT EDUC TIO JOSE','ZONA RURAL',11),(254001003757,254001003757,'CENT EDUC AGUALASAL','CENT EDUC AGUALASAL','ZONA RURAL',11),(254001004689,254001008058,'COL FRAY MANUEL ALVAREZ','ESC  RUR NUEVO PORVENIR','ZONA RURAL',11),(254001004796,254001003196,'COL CAMILO TORRES','CENT EDUC LA GRAN COLOMBIA','ZONA RURAL',11),(254001004818,254001003757,'CENT EDUC AGUALASAL','CENT EDUC  LA HORTENCIA','ZONA RURAL',11),(254001006012,154001009017,'COL EUSTORGIO COLMENARES BAPTISTA','ESC NUEVA SAN GERARDO','COMUNA 6',6),(254001007264,254001003196,'COL CAMILO TORRES','CENT EDUC SAN AGUSTIN DE LOS POZOS','ZONA RURAL',11),(254001007523,254001008058,'COL FRAY MANUEL ALVAREZ','CENT EDUC CERRO TASAJERO','ZONA RURAL',11),(254001007990,154001009017,'COL EUSTORGIO COLMENARES BAPTISTA','ESC GILMA CASADO DE VILA','COMUNA 6',6),(254001008058,254001008058,'COL FRAY MANUEL ALVAREZ','COL FRAY MANUEL ALVAREZ','ZONA RURAL',11),(254001008520,254001003196,'COL CAMILO TORRES','CENT EDUC BELLAVISTA','ZONA RURAL',11),(254001008643,254001008058,'COL FRAY MANUEL ALVAREZ','CENT EDUC LA SABANA','ZONA RURAL',11),(354001000027,154001002462,'COL  JULIO PEREZ FERRERO','SEDE CUATRO SIMON BOLIVAR','COMUNA 8',8),(15400100246201,154001002462,'COL  JULIO PEREZ FERRERO','ESC ARTURO ZARTE','COMUNA 8',8),(15400100860601,154001008606,'COL BAS CAMILO DAZA','COL BAS CAMILO DAZA','COMUNA 7',7),(15400100860602,154001008606,'COL BAS CAMILO DAZA','COL SAN JUAN BAUTISTA ESCALABRINI','COMUNA 7',7),(15400100860605,154001008606,'COL BAS CAMILO DAZA','SAN ANDRES I ETAPA','COMUNA 6',6),(15400100860607,154001008606,'COL BAS CAMILO DAZA','SAN ANDRES III ETAPA','COMUNA 6',6);
/*!40000 ALTER TABLE `dim_sedes` ENABLE KEYS */;
UNLOCK TABLES;

--
-- Table structure for table `dim_tipocomplemento`
--

DROP TABLE IF EXISTS `dim_tipocomplemento`;
/*!40101 SET @saved_cs_client     = @@character_set_client */;
/*!40101 SET character_set_client = utf8 */;
CREATE TABLE `dim_tipocomplemento` (
  `id` int(11) NOT NULL,
  `complemento` varchar(20) DEFAULT NULL,
  `costo` decimal(11,2) DEFAULT '0.00',
  PRIMARY KEY (`id`)
) ENGINE=InnoDB DEFAULT CHARSET=latin1;
/*!40101 SET character_set_client = @saved_cs_client */;

--
-- Dumping data for table `dim_tipocomplemento`
--

LOCK TABLES `dim_tipocomplemento` WRITE;
/*!40000 ALTER TABLE `dim_tipocomplemento` DISABLE KEYS */;
INSERT INTO `dim_tipocomplemento` VALUES (1,'CAJMPS',2799.00),(2,'APS',3822.00),(3,'CAJMRI',2799.00),(4,'CAJTRI',2799.00);
/*!40000 ALTER TABLE `dim_tipocomplemento` ENABLE KEYS */;
UNLOCK TABLES;
/*!40103 SET TIME_ZONE=@OLD_TIME_ZONE */;

/*!40101 SET SQL_MODE=@OLD_SQL_MODE */;
/*!40014 SET FOREIGN_KEY_CHECKS=@OLD_FOREIGN_KEY_CHECKS */;
/*!40014 SET UNIQUE_CHECKS=@OLD_UNIQUE_CHECKS */;
/*!40101 SET CHARACTER_SET_CLIENT=@OLD_CHARACTER_SET_CLIENT */;
/*!40101 SET CHARACTER_SET_RESULTS=@OLD_CHARACTER_SET_RESULTS */;
/*!40101 SET COLLATION_CONNECTION=@OLD_COLLATION_CONNECTION */;
/*!40111 SET SQL_NOTES=@OLD_SQL_NOTES */;

-- Dump completed on 2018-05-13  1:28:22
